"table_name","id_count","item_count","resp_count","resp_unique","sparsity","resp_per_id","resp_per_item","mean_normalized_resp","has_rt","has_date","has_rater"
"lessR_Mach4",351,20,7020,6,1,20,351,0.461168091168092,0,0,0
"movac_pakpour2022",6008,12,72096,7,1,12,6008,0.748036348360931,0,0,0
"SABFI2_Gallardo_Pujol_2018_IntHapp",419,9,3771,5,1,9,419,0.697533810660303,0,0,0
"science_ltm",392,7,2744,4,1,7,392,0.744897959183673,0,0,0
"gilbert_meta_17",51652,21,1840581,2,1.69686971048003,35.6342639200805,87646.7142857143,0.362466525514117,0,0,0
"pks_probability",504,24,10188,2,0.842261904761905,20.2142857142857,424.5,0.798095798979188,0,0,0
"enem_2019_1mil_cn",1000000,47,45000000,2,0.957446808510638,45,957446.808510638,0.291459511112675,0,0,0
"mobility",8445,8,67560,2,1,8,8445,0.318679692125582,0,0,0
"transreas_mokken",425,12,5100,2,1,12,425,0.745490196078428,0,0,0
"mpsycho_YouthDep",2290,26,59540,3,1,26,2290,0.13184413839435,0,0,0
"PEMAIW_Qiu_2020_SWLS",968,5,5457,7,1.12747933884298,5.63739669421487,1091.4,0.615199350768345,0,0,0
"polca_values",216,4,864,2,1,4,216,0.528935185185185,0,0,0
"enem_2016_1mil_ch",1000000,90,45000000,2,0.5,45,5e+05,0.393187800005739,0,0,0
"OS_TBMWTFS_Schubert_2023_ACS",230,20,4600,4,1,20,230,0.65195652173913,0,0,0
"florida_twins",2314,1809,1212066,8,0.289550518797542,523.796888504754,670.019900497512,0.479210559325531,0,0,0
"criticalperiod_syntax",1131401,95,107483095,2,1,95,1131401,0.916763775725838,0,0,0
"wooly_hartman2022",1561,19,27802,2,0.937388313833912,17.8103779628443,1463.26315789474,0.458564132076819,0,0,0
"pisa2009_science",355604,53,8101451,3,0.429853336963971,22.7822268590905,152857.566037736,0.473376065597129,0,0,0
"PEMAIW_Qiu_2020_DASS",952,21,22532,4,1.12705082032813,23.6680672268907,1072.95238095238,0.443968578022368,0,0,0
"big5_sirt",500,240,120000,3,1,240,500,0.16304166666665,0,0,0
"iowa_gambling_task",617,339,65291,4,0.312153679188002,105.820097244733,192.598820058997,0.673562716658246,0,0,0
"short_dark_triad",18186,27,490436,5,0.998806570785016,26.9677774111954,18164.2962962963,0.648260731267644,0,0,0
"gilbert_meta_9",1646,19,48210,2,1.54153610027499,29.2891859052248,2537.36842105263,0.152769135034196,0,0,0
"cdm_timss03",757,23,17411,2,1,23,757,0.536097869163156,0,0,0
"broadband_inventories",2017,181,365077,7,1,181,2017,0.596947649791299,1,0,0
"tdri",1803,56,67641,2,0.669925124792013,37.5158069883527,1207.875,0.530225750653987,0,0,0
"psychotools_gratitude",1405,25,34950,9,0.995017793594306,24.8754448398576,1398,0.718855144537546,0,0,0
"gender_roles",318570,44,13983616,5,0.997612626880919,43.8949555827605,317809.454545455,0.605858899443866,0,0,0
"PROMISPME_Forrest_2021_Strength_Children",1824,25,45540,5,0.998684210526316,24.9671052631579,1821.6,0.738757136583215,0,0,0
"gilbert_meta_1",7797,30,226809,2,0.96964217006541,29.0892651019623,7560.3,0.537240585691037,0,0,0
"PPPSSAPIS_Figlova_2021_PSS10",153,10,1530,5,1,10,153,0.546895424836601,0,0,0
"difNLR_msatb",1407,20,28140,2,1,20,1407,0.55358919687279,0,0,0
"pisa2006_read",200682,28,3255323,3,0.579332155919742,16.221300365753,116261.535714286,0.529203092903572,0,0,0
"FEDSP_Trzcinska_2023_SMSD",197,13,2567,4,1.00234283483014,13.0304568527919,197.461538461538,0.890923256719907,0,0,0
"gilbert_meta_37",839,21,17619,2,1,21,839,0.570123162495033,0,0,0
"gilbert_meta_45",249,37,25636,7,2.7825898187344,102.955823293173,692.864864864865,0.31914755292037,0,0,0
"BPAQ_Christopher_2024_PROMIS",170,24,3318,5,0.813235294117647,19.5176470588235,138.25,0.406796262808921,0,0,0
"cure_data",1134,54,81934,7,1.33800378862107,72.2522045855379,1517.2962962963,0.610151376194784,0,0,0
"EOAQ-EST_Silveira_2024",137,14,1918,5,1,14,137,0.831803962460897,0,0,0
"PROMISPME_Forrest_2021_LS_Proxy",964,56,53925,5,0.99890708358032,55.9387966804979,962.946428571429,0.819912841910061,0,0,0
"COACH_Chen_2022_ADL",2364,14,95653,4,2.89016799613246,40.4623519458545,6832.35714285714,0.380484668541476,0,0,0
"enem_2018_1mil_lc",1000000,80,40000000,2,0.5,40,5e+05,0.366987224999792,0,0,0
"IJLS_Eersel_2024_Anxiety",199,7,1393,4,1,7,199,0.614142139267767,0,0,0
"swmd_mokken",30,7,4557,5,21.7,151.9,651,0.639016897081414,0,0,1
"promis1wave1_fatigue",15053,112,290044,5,0.172037372711657,19.2681857437053,2589.67857142857,0.453830453310527,0,0,0
"pisa2009_read",514832,131,15257952,3,0.22623480286877,29.6367591758085,116472.916030534,0.550639168350048,0,0,0
"promis1wave1_physicalfunction",14954,56,140837,5,0.168178843692084,9.41801524675692,2514.94642857143,0.827688036524487,0,0,0
"EWAS_Sanford_2024",482,30,9972,7,0.689626556016597,20.6887966804979,332.4,0.638132962771952,0,0,0
"frac20",536,20,10720,2,1,20,536,0.533861940298515,0,0,0
"dumas_Organisciak_2022",92,10,21782,5,23.6760869565217,236.760869565217,2178.2,0.529850335139106,0,0,1
"PROMISPME_Forrest_2021_Physical_Children",3854,122,236893,6,0.503826129122819,61.466787752984,1941.74590163934,0.450993205089783,0,0,0
"PSR-P_Scale_Intimacy_Hakim_2018_Study2_PSR",199,6,1269,7,1.06281407035176,6.31818181818182,211.5,0.767646065518406,0,0,0
"pisa2000_math",106322,45,1538494,3,0.32155861962299,14.4701378830335,34188.7555555555,0.558830908668306,0,0,0
"enem_2022_1mil_cn",1000000,91,45000000,2,0.494505494505495,45,494505.494505494,0.273273111112288,0,0,0
"pisa2006_math",292667,48,5686467,3,0.404787907416962,19.4298195560159,118468.0625,0.433352114767432,0,0,0
"cdm_hr",1550,35,54250,2,1,35,1550,0.48805529953918,0,0,0
"SAS_Deters_2022",1526,19,134635,2,4.64354694074636,88.2273918741806,7086.05263157895,0.349834738366694,0,0,0
"COACH_Chen_2022_SNS",2364,11,50272,6,1.93324103984002,21.2656514382403,4570.18181818182,0.472330521960535,0,0,0
"mft_validationandreplication",830,36,29761,5,0.996017402945114,35.8566265060241,826.694444444444,0.621108161688119,0,0,0
"chess_lnirt",256,40,10240,2,1,40,256,0.465429687500003,1,0,0
"si09_sirt",5201,12,62412,7,1,12,5201,0.761753692055558,0,0,0
"preschool_sel",1003,226,116904,2,0.51572715481873,116.554336989033,517.274336283186,0.547149798124886,0,0,0
"verbagg",316,24,7584,2,1,24,316,0.476133966244722,0,0,0
"EMSC_Kuan-chin_2023",99,7,685,5,0.988455988455988,6.91919191919192,97.8571428571429,0.737810218978102,0,0,0
"PeSCBCSCe_Novak_2020_SPIRIT",572,5,2860,7,1,5,572,0.645954045954046,0,0,0
"PMT_Trzcinska_2023_MVS",26,9,234,5,1,9,26,0.635897435897436,0,0,0
"enem_2018_1mil_ch",1000000,91,45000000,2,0.494505494505495,45,494505.494505494,0.356779199987966,0,0,0
"PeSCBCSCe_Novak_2020_SCBCS",572,5,2860,7,1,5,572,0.645954045954046,0,0,0
"CV_OASIS_ODSIS_PPE_Novak_2020_PANAS",1458,20,29160,5,1,20,1458,0.396728395061726,0,0,0
"gilbert_meta_20",186,93,24162,2,1.39680887963926,129.903225806452,259.806451612903,0.484728085423386,0,0,0
"ALSECYPIAMH_WU_2022_SWLS",7842,5,39210,7,1,5,7842,0.624082777717053,0,0,0
"SCS_Lopez_2015",1643,24,39432,5,1,24,1643,0.53743659971597,0,0,0
"gilbert_meta_34",1000,9,40284,4,4.476,40.284,4476,0.364338198788603,0,0,0
"Resistance",506,14,7084,6,1,14,506,0.167348955392433,0,0,0
"pisa2012_science",333764,53,7634927,3,0.431608041655464,22.8752262077396,144055.226415094,0.490248957193643,0,0,0
"PrEPAdherence_Zissette_2021",193,99,18988,6,0.993771916051709,98.3834196891192,191.79797979798,0.616775507337967,0,0,0
"DART_Brysbaert_2020_1",199,132,26268,2,1,132,199,0.276153494746466,0,0,0
"iat_poverty",19811,12,234602,5,0.986833913818922,11.8420069658271,19550.1666666667,0.583715398845699,0,0,0
"PMT_Trzcinska_2023_PMT",204,64,7392,2,0.566176470588235,36.235294117647,115.5,0.768262987012986,0,0,0
"mturkddm_recognition",142,2202,76624,2,0.245052513080298,539.605633802817,34.7974568574023,0.760617609439034,1,0,0
"neurips_2020",118971,27613,24076951,5,0.00732903480260093,202.376638004199,871.942599500233,0.232731004849666,0,0,0
"fictionexposure_wimmer",337,198,66726,2,1,198,337,0.171762131702794,0,0,0
"sris_silvia2022",221,20,23840,7,5.39366515837104,107.873303167421,1192,0.6918684084372,0,0,0
"PROMISPME_Forrest_2021_LS_Children",1992,56,110974,5,0.994818559954102,55.7098393574297,1981.67857142857,0.800072088957792,0,0,0
"WMI_Rot_Han",262,12,3144,6,1,12,262,0.712568914334181,0,0,0
"PRCPSFFMQ_Lecuona_2017",800,39,31200,5,1,39,800,0.632108974358974,0,0,0
"DbdIFdM_Puga_2021",543,14,7602,4,1,14,543,0.680906340436729,0,0,0
"FACIT_YOUNT_2021_limitations",608,100,31924,4,0.525065789473684,52.5065789473684,319.24,0.23256275320553,0,1,0
"gilbert_meta_69",9410,30,387718,2,1.37342543393553,41.2027630180659,12923.9333333333,0.563925327170583,0,0,0
"gilbert_meta_41",3230,1355,1837594,2,0.419863137331064,568.914551083591,1356.15793357934,0.709617576026589,0,0,0
"ravens_deboeck2012",503,35,11622,2,0.660153365521159,23.1053677932406,332.057142857143,0.471433488212011,0,0,0
"APFCompact_Ptacek_2024_DASS-21",299,21,6279,4,1,21,299,0.341030949726604,0,0,0
"MEFSIRODGAS_Nileksela_2023_freq",497,91,43853,5,0.969619917306034,88.2354124748491,481.901098901099,0.548029781314855,0,0,0
"mpsycho_wilmer",1471,25,36775,2,1,25,1471,0.463902107409928,0,0,0
"FIVPEI_Perrig_2023_PXI",1551,33,51183,7,1,33,1551,0.837881439428828,0,0,0
"deception_game",635,24,15260,79,1.00131233595801,24.0314960629921,635.833333333333,0.230670816950653,0,0,0
"enem_2015_1mil_cn",1000000,99,45000000,2,0.454545454545455,45,454545.454545455,0.267044711115805,0,0,0
"gilbert_meta_74",1225,12,29327,2,1.99503401360544,23.9404081632653,2443.91666666667,0.590991236744293,0,0,0
"Rosenberg_fadplus_goto2021",802,10,8020,4,1,10,802,0.661720698254362,0,0,0
"PPSRS_Caliciuri_2024",337,11,3707,2,1,11,337,0.625033719989213,0,0,0
"gilbert_meta_71",6389,20,310247,2,2.42797777429958,48.5595554859915,15512.35,0.181710056825557,0,0,0
"enem_2021_1mil_lc",1000000,85,40000000,2,0.470588235294118,40,470588.235294118,0.193059112068099,0,0,0
"gilbert_meta_7",1386,36,49259,2,0.987233445566779,35.540404040404,1368.30555555556,0.578777482287515,0,0,0
"CSE_Bayazit_2022",651,15,9765,5,1,15,651,0.728028673835126,0,0,0
"ffm_OPN",1010897,10,10060015,5,0.995157271215564,9.95157271215562,1006001.5,0.658072259334987,1,0,0
"SPQVS_Barnby_2017_WHO",191,5,955,6,1,5,191,0.652530541012216,0,0,0
"SCS_Suh_2023_BFNE",612,12,7288,5,0.992374727668845,11.9084967320261,607.333333333333,0.59264544456641,0,0,0
"VCISM_Polish_Trzcinska_2023",104,12,2067,4,1.65625,19.875,172.25,0.679608127721335,0,0,0
"alcoholresearch_sumscore",233,20,4660,2,1,20,233,0.239055793991416,0,0,0
"hypersensitive_narcissism",53956,22,1181412,5,0.995265502530681,21.895841055675,53700.5454545455,0.6534611126347,0,0,0
"orev_bohn2024",581,52,30212,2,1,52,581,0.879087779690203,1,0,0
"gilbert_meta_61",2559,6,35502,4,2.31223134036733,13.873388042204,5917,0.246699716447905,0,0,0
"fractals_rating",400,7,71680,7,25.6,179.2,10240,0.549563536352046,0,0,1
"non_parametric_mixture_modeling_exp1_Cleaned",56,2,44957,2,401.401785714286,802.803571428571,22478.5,0.750583891273877,1,0,0
"gilbert_meta_65",281,14,7829,5,1.99008642602949,27.8612099644128,559.214285714286,0.486905522203779,0,0,0
"timss_tam",1769,11,19459,14,1,11,1769,0.420582826050736,0,0,0
"SPQVS_Barnby_2017_DSE",191,15,2865,6,1,15,191,0.396916812100059,0,0,0
"bhs_floreskanter2021",2164,24,51936,5,1,24,2164,0.481496457178054,0,0,0
"4thgrade_math_sirt",664,30,19920,2,1,30,664,0.510240963855436,0,0,0
"OS_TBMWTFS_Schubert_2023_MAAS",215,15,5865,6,1.81860465116279,27.2790697674419,391,0.596476271668087,0,0,0
"cub_relgoods",2455,21,51429,10,0.99755600814664,20.9486761710794,2449,0.483643469637748,0,0,0
"sem_cnes",1529,4,6116,4,1,4,1529,0.675400588620012,0,0,0
"polca_cheating",319,4,1276,2,1,4,319,0.126175548589342,0,0,0
"sabers_vesper2023",1361,15,20415,5,1,15,1361,0.607543472936569,0,0,0
"feardriving_fisher2021",810,25,20250,5,1,25,810,0.129744855967079,0,0,0
"NAMPRB_Siwiak_2024_GCBS",405,15,6075,5,1,15,405,0.481119341563786,0,0,0
"loneliness_mudfold",3987,11,43857,3,1,11,3987,0.646092223970324,0,0,0
"KTEEM_Schoen_2019-2022",1130,35,87404,2,2.2099620733249,77.3486725663718,2497.25714285714,0.564047412017745,0,0,0
"enem_2013_1mil_cn",999823,45,44992035,2,1,45,999823,0.255103597789196,0,0,0
"gilbert_meta_47",162,44,11676,2,1.63804713804714,72.0740740740741,265.363636363636,0.8020726276122,1,0,0
"gilbert_meta_48",1984,30,131864,5,2.21545698924731,66.4637096774193,4395.46666666667,0.207382859107349,0,0,0
"PEMAIW_Qiu_2020_MEQ",992,30,33264,6,1.11774193548387,33.5322580645162,1108.8,0.761659251242585,0,0,0
"mpsycho_ceaq",208,16,3328,3,1,16,208,0.788361378205128,0,0,0
"OS_TBMWTFS_Schubert_2023_IPIP",215,50,19550,5,1.81860465116279,90.9302325581395,391,0.672358056265985,0,0,0
"gilbert_meta_13",3780,37,176009,2,1.25846560846561,46.5632275132275,4757,0.495798510303668,0,0,0
"gilbert_meta_6",32950,10,589430,2,1.78886191198786,17.8886191198791,58943,0.471589501722335,0,0,0
"lsat",1000,5,5000,2,1,5,1000,0.763799999999997,0,0,0
"FACES_Spanish_Vegas_2022_FSS",1188,10,11824,5,0.995286195286195,9.95286195286195,1182.4,0.743859945872802,0,0,0
"PBS_Surrain_2019_PoB",741,23,13049,6,0.765651587161885,17.6099865047234,567.347826086957,0.734909443890976,0,0,0
"BPAQ_Christopher_2024_OBSI",170,16,2720,4,1,16,170,0.64935661764706,0,0,0
"BPAQ_Christopher_2024_SCSS",170,12,2039,5,0.999509803921568,11.9941176470588,169.916666666667,0.628837665522315,0,0,0
"AOMT_BR_SF_EDPANAB_Geiger_2021_BRS",286,20,10140,5,1.77272727272727,35.4545454545455,507,0.541065088757397,0,0,0
"pisa2003_read",146678,28,2040328,3,0.496794728199574,13.910252389588,72868.8571428571,0.634604093067974,0,0,0
"FIVPEI_Perrig_2023_AttDiff",1551,21,32571,7,1,21,1551,0.769369772409285,0,0,0
"psychtools_sai",3023,20,106111,4,1.75506119748594,35.1012239497188,5305.55,0.493061511059168,0,0,0
"alcoholstroop_jones2024",156,28,26208,2,6,168,936,0.95425061050061,1,0,0
"florida_twins_behavior",1388,692,743286,5,0.77385642418084,535.508645533142,1074.11271676301,0.542520644812295,0,0,0
"mpsycho_rwdq",1049,18,16498,2,0.873742188327508,15.7273593898951,916.555555555556,0.770760092132382,0,0,0
"gilbert_meta_22",5364,16,90051,4,1.04925195749441,16.7880313199105,5628.1875,0.655395276010255,0,0,0
"anxiety_gastro_symptoms",382,15,5730,5,1,15,382,0.530087260034904,0,0,0
"cavalini_mokken",828,17,14076,4,1,17,828,0.34548167092924,0,0,0
"enem_2020_1mil_mt",1000000,144,45000000,2,0.3125,45,312500,0.295892627874116,0,0,0
"SV-MAIA2_Randelovic_2021_hexaco60",138,60,8081,5,0.975966183574879,58.5579710144928,134.683333333333,0.714565029080559,0,1,0
"OS_TBMWTFS_Schubert_2023_DMW",215,4,1564,7,1.81860465116279,7.27441860465116,391,0.665875045670442,0,0,0
"BPAQ_Christopher_2024_PSS10",109,10,1090,5,1,10,109,0.551559633027523,0,0,0
"western_reserve_project",2877,2731,1066535,10,0.135741783182495,370.710809871394,390.529110216037,0.634187706298458,0,0,0
"psychtools_blot",150,35,5250,2,1,35,150,0.752380952380952,0,0,0
"parental_text_intervention",3870,19,52809,9,0.718196654426765,13.6457364341085,2779.42105263158,0.518164201808956,0,0,0
"HEARD_Roch_2022_K6",600,6,3584,5,0.995555555555555,5.97333333333333,597.333333333333,0.3546875,0,0,0
"SABFI2_Gallardo_Pujol_2018_Honest",419,10,4190,5,1,10,419,0.56272076372315,0,0,0
"mpsycho_Rogers_adolescent",87,26,2262,5,1,26,87,0.424771588564691,0,0,0
"enem_2019_1mil_lc",1000000,40,40000000,2,1,40,1e+06,0.409130825027018,0,0,0
"SV-MAIA2_Randelovic_2021_ERQ",203,10,2030,5,1,10,203,0.628177339901478,0,1,0
"KoreanNursing_Park_2017",740,50,37000,2,1,50,740,0.427108108108128,0,0,0
"MCVFR_Breuer_2017_DOSP",376,9,3384,5,1,9,376,0.442080378250591,0,0,0
"SF12_MLCIRTwithin",618,12,7061,5,0.952130528586839,11.4255663430421,588.416666666667,0.549886701600337,0,0,0
"COACH_Chen_2022_MOS_SSS_C",2364,19,129644,5,2.88636566034375,54.8409475465313,6823.36842105263,0.622486192959183,0,0,0
"close_relationships",51433,36,1844142,5,0.99597858702908,35.8552291330469,51226.1666666667,0.616607181008828,0,0,0
"balance_mokken",484,25,12100,2,1,25,484,0.566528925619808,0,0,0
"pisa2003_science",145963,32,2353802,3,0.50393806992183,16.1260182374989,73556.3125,0.535452217305895,0,0,0
"SPQVS_Barnby_2017_OEQ",191,6,1146,4,1,6,191,0.412521815008726,0,0,0
"SBD_Smith_2020",302,22,6621,11,0.996538229981939,21.9238410596026,300.954545454545,0.600438000302069,0,0,0
"BAFACALO_Golino_2013_SMS",292,37,7605,2,0.703905960755276,26.0445205479452,205.540540540541,0.855884286653515,0,0,0
"OSCE_Hejri_2017",266,10,2660,5,1,10,266,0.783684210526316,0,0,0
"FAD_fadplus_goto2021",802,54,43308,5,1,54,802,0.650604969058833,0,0,0
"gilbert_meta_2",2174,20,43480,2,1,20,2174,0.548666053357847,0,0,0
"SV-MAIA2_Randelovic_2021_hexaco100",217,100,21700,5,1,100,217,0.70405529953917,0,0,0
"gilbert_meta_73",5386,36,358304,2,1.84791847175806,66.5250649832901,9952.88888888889,0.627623470572136,0,0,0
"PROMISPME_Forrest_2021_Family_Children",1845,113,207827,5,0.996843897642516,112.643360433604,1839.17699115044,0.821662247927369,0,0,0
"DMCT_Addis_2020_SUIS",92,18,1656,5,1,18,92,0.680917874396135,0,0,0
"polca_election",1785,12,20128,4,0.93968253968254,11.2761904761905,1677.33333333333,0.583975059618442,0,0,0
"SV-MAIA2_Randelovic_2021_MAAS",209,15,3135,6,1,15,209,0.712333864965444,0,1,0
"Fh_Okcsr_Roos_2022_study2_Feeling_Heard",1000,102,32854,9,0.322098039215686,32.854,322.098039215686,0.571769014620723,0,0,0
"novelobjectmatching",299,320,47840,2,0.5,160,149.5,0.747658862876236,0,0,0
"Aspirations_Sonmez_2023",265,35,16551,7,1.784474393531,62.4566037735849,472.885714285714,0.767066297245742,0,0,0
"nonverbal_immediacy",151864,52,7888216,8,0.998896786193314,51.9426328820524,151696.461538462,0.612797469034544,1,0,0
"SABFI2_Gallardo_Pujol_2018_ReligionScale",419,17,7023,5,0.985960971500772,16.7613365155131,413.117647058824,0.618681475153069,0,0,0
"environment_ltm",291,6,1746,3,1,6,291,0.46200840015273,0,0,0
"Adherence_Zissette_2018_SDB",709,26,18409,6,0.998643810350439,25.9647390691114,708.038461538462,0.687046191174605,0,0,0
"concretewords",66404,1831,691689,5,0.00568889979221574,10.416375519547,377.765701802294,0.626760220272406,0,0,0
"psychtools_epi",3516,57,198744,2,0.991677145081133,56.5255972696246,3486.73684210526,0.502767379141006,0,0,0
"realpic_souza2021",592,7,4172,968,1.00675675675676,7.0472972972973,596,0.714686410799235,0,0,0
"fad_dataset2",584,59,19754,5,0.573310889250058,33.8253424657534,334.813559322034,0.600931456920118,0,0,0
"pact_project",4002,850,1018383,8,0.299374724402505,254.468515742126,1198.09764705882,0.534565512975425,0,0,0
"PSR-P_Scale_Intimacy_Hakim_2018_Study2_PSI",199,13,2754,7,1.06455353691535,13.7121212121212,211.846153846154,0.605093889407615,0,0,0
"PMT_Trzcinska_2023_finans",26,14,364,4,1,14,26,0.877747252747253,0,0,0
"spidersBAT_grill2024",62,31,1922,7,1,31,62,0.51078985184084,0,0,0
"gilbert_meta_25",779,15,23222,4,1.98733418913136,29.8100128369705,1548.13333333333,0.726304797175095,0,0,0
"gilbert_meta_35",1438,12,41808,4,2.42280945757997,29.0737134909597,3484,0.777141934557962,0,0,0
"immer10_immer",61,13,793,3,1,13,61,0.779319041614124,0,0,0
"scoliosis_dueber",2322,20,46440,5,1,20,2322,0.773944875107674,0,0,0
"enem_2015_1mil_mt",1000000,93,45000000,2,0.483870967741935,45,483870.967741935,0.258527911112901,0,0,0
"RvKDCS_Romiacg_Miroshnik_2020_CBI",1011,11,11121,4,1,11,1011,0.390927074903336,0,0,0
"humor_styles",1070,32,34110,5,0.996203271028037,31.8785046728972,1065.9375,0.598364116094985,0,0,0
"Mechanical_Turk_Recognition",142,2202,76624,2,0.245052513080298,539.605633802817,34.7974568574023,0.760617609439034,1,0,0
"previc_bohn2023",1190,379,451010,2,1,379,1190,0.705713842265136,0,0,0
"gilbert_meta_49",200,20,9511,2,2.37775,47.555,475.55,0.206813163705184,0,0,0
"pirlsmissing_sirt",3480,35,110797,2,0.909663382594417,31.8382183908046,3165.62857142857,0.645595097340258,0,0,0
"ALSECYPIAMH_WU_2022_PEI",7842,5,39210,2,1,5,7842,0.772966080081598,0,0,0
"tenseness_pcmrs",2042,8,16336,5,1,8,2042,0.884573947110676,0,0,0
"pisa2012_read",333602,44,6320624,3,0.430604569080957,18.9466010395621,143650.545454545,0.549591306175359,0,0,0
"HEARD_Roch_2022_COPE",600,24,14207,4,0.986597222222222,23.6783333333333,591.958333333333,0.523093076183102,0,0,0
"Veterans.Affairs.SSVF.Survey.2018-20",26347,53,998860,5,0.715315409509228,37.9117167039888,18846.4150943396,0.734153985543819,0,0,0
"wemwbs_BrummerHoffman_2021",1828,7,12796,5,1,7,1828,0.650625195373555,0,1,0
"offlinefriend_ofaq",802,37,29674,5,1,37,802,0.594709173013414,0,0,0
"gilbert_meta_14",3780,69,391755,2,1.50201288244767,103.638888888889,5677.60869565217,0.323204553866811,0,0,0
"mcmi_mokken",1208,44,53152,2,1,44,1208,0.382318633353397,0,0,0
"gilbert_meta_43",726,28,22404,2,1.10212514757969,30.8595041322314,800.142857142857,0.625022317443322,0,0,0
"PPPASBPNSSedaisw_Pedro_2022_PANAS",1648,20,32960,5,1,20,1648,0.432906553398059,0,0,0
"DART_Brysbaert_2020_3.4.5",219,262,28784,2,0.501655686848618,131.433789954338,109.862595419847,0.515103728623492,0,0,0
"ffm_AGR",1011055,10,10062522,5,0.995249714407228,9.95249714407224,1006252.2,0.635671335675524,1,0,0
"cdm_timss11",4668,174,115983,2,0.142795408208492,24.8464010282776,666.568965517241,0.513092435960432,0,0,0
"Mechanical_Turk_Lexical",142,4588,68024,2,0.104411999459705,479.042253521127,14.8265039232781,0.885586486963685,1,0,0
"WMD_bartczuk_2023",539,24,12892,5,0.996598639455782,23.9183673469388,537.166666666667,0.394508222153274,0,0,0
"FEDSP_Trzcinska_2023_MonKnow",197,2,396,2,1.00507614213198,2.01015228426396,198,0.676767676767677,0,0,0
"abortion",379,4,1516,2,1,4,379,0.571240105540898,0,0,0
"experimental_iq",399,25,9474,2,0.949774436090225,23.7443609022556,378.96,0.519738230947872,0,0,0
"ALSECYPIAMH_WU_2022_CPS",9567,12,114804,5,1,12,9567,0.634594613428106,0,0,0
"SV-MAIA2_Randelovic_2021_MAIA",449,37,19240,6,1.15812917594655,42.8507795100223,520,0.638357588357584,0,1,0
"mpsycho_lakes",194,16,15458,7,4.98002577319588,79.680412371134,966.125,0.588845966643869,0,0,1
"enem_2013_1mil_lc",999822,40,39992880,2,1,40,999822,0.416454853971257,0,0,0
"fisher_temperment",4967,88,436916,8,0.999588191152516,87.9637608214214,4964.95454545455,0.695292115646895,1,0,0
"enem_2014_1mil_mt",999997,91,44999865,2,0.494505494505494,45,494504.010989011,0.169244907731718,0,0,0
"emotion_pcmrs",2032,8,16256,5,1,8,2032,0.768220964566931,0,0,0
"gilbert_meta_63",8988,4,71900,2,1.99988874054295,7.99955496217178,17975,0.781835883171088,0,0,0
"BPAQ_Christopher_2024_FFMQSF",170,15,2546,5,0.99843137254902,14.9764705882353,169.733333333333,0.585310290652003,0,0,0
"gilbert_meta_40",8217,30,207858,2,0.843203115492272,25.2960934647682,6928.6,0.514649424126131,0,0,0
"CPDMMC_Kunnari_2020_HCD",1043,12,12516,7,1,12,1043,0.557286673058485,0,0,0
"APFCompact_Ptacek_2024_SWLS",299,5,1495,7,1,5,299,0.638795986622074,0,0,0
"eurpar2_mudfold",1786,6,10716,2,1,6,1786,0.333333333333334,0,0,0
"NAMPRB_Siwiak_2024_KON2066",172,22,3784,2,1,22,172,0.436839323467231,0,0,0
"fims_tam",6371,14,89194,2,1,14,6371,0.488810906563213,0,0,0
"gilbert_meta_12",2612,24,59005,2,0.941248723838693,22.5899693721286,2458.54166666667,0.615507160410146,0,0,0
"bps_boredom_bieleke2022",636,8,5088,7,1,8,636,0.408271563342318,0,0,0
"K-PCQ_Huh_2022",358,12,4291,7,0.998836126629423,11.9860335195531,357.583333333333,0.281253121150581,0,0,0
"QaSLU_Prado_2024",118,45,5310,5,1,45,118,0.740913370998118,0,0,0
"ALSECYPIAMH_WU_2022_SWEMWBS",7842,7,54894,5,1,7,7842,0.687390243013817,0,0,0
"feminist_perspectives",13471,60,794329,5,0.982764209536535,58.9658525721921,13238.8166666667,0.609183600246258,0,0,0
"gilbert_meta_27",8857,18,246834,2,1.54826690753077,27.8688043355538,13713,0.623856518956101,0,0,0
"PPPASBPNSSedaisw_Pedro_2022_NPBE",1648,15,24720,5,1,15,1648,0.780849514563104,0,0,0
"vocabulary_iq",12173,75,836784,2,0.91654645526986,68.7409841452394,11157.12,0.843757366064135,0,0,0
"sexual_selfconcept",17657,100,1730812,5,0.980241264087897,98.0241264087897,17308.12,0.636191567888378,0,0,0
"rightwing_authoritariansim",9881,48,473456,10,0.998245791586547,47.9157979961542,9863.66666666667,0.603842639305299,0,0,0
"enem_2021_1mil_cn",1000000,99,45000000,2,0.454545454545455,45,454545.454545455,0.30752455555489,0,0,0
"PROMISPME_Forrest_2021_PosAff_Children",1869,53,98136,5,0.990702322904994,52.5072231139647,1851.62264150943,0.781005950925247,0,0,0
"ptam1_immer",6877,2,18784,6,1.36571179293297,2.73142358586592,9392,0.497199744463366,0,0,1
"PPPASBPNSSedaisw_Pedro_2022_EBSV",1648,6,9888,6,1,6,1648,0.862921867776237,0,0,0
"offlinefriend_bigfive",802,44,35288,5,1,44,802,0.691373838131943,0,0,0
"VEI_Brazillian_Shiramizu_2018_EI",697,14,9733,5,0.99743799959008,13.9641319942611,695.214285714286,0.570677077982121,0,0,0
"Veterans.Affairs.SSVF.Survey.2016-17",5809,59,340723,5,0.99414117777499,58.6543294887251,5774.96610169492,0.770490838599089,0,0,0
"mental_health_malawi",984,40,35111,6,0.892047764227642,35.6819105691057,877.775,0.633174788527804,0,0,0
"pisa2000_science",106075,45,1753516,3,0.367353497263467,16.5309073768566,38967.0222222222,0.5490830993276,0,0,0
"NAMPRB_Siwiak_2024_KOP20",156,20,3120,4,1,20,156,0.393108974358974,0,0,0
"enem_2014_1mil_ch",999999,45,44999955,2,1,45,999999,0.287481420830824,0,0,0
"NAMPRB_Siwiak_2024_SSUB",887,25,19340,5,0.872153325817362,21.803833145434,773.6,0.587704239917269,0,0,0
"BAFACALO_Golino_2013_CIS",292,60,10609,2,0.605536529680365,36.3321917808219,176.816666666667,0.628145913846733,0,0,0
"IJLS_Eersel_2024_Depression",199,7,1393,4,1,7,199,0.573761665470208,0,0,0
"rosenberg_selfesteem",47929,10,477681,4,0.996642951031735,9.96642951031734,47768.1,0.670133938758339,0,0,0
"mpsycho_wenchuan",362,17,6132,5,0.996425089372766,16.939226519337,360.705882352941,0.533268101761253,0,0,0
"SABFI2_Gallardo_Pujol_2018_Tight",419,6,2514,5,1,6,419,0.684327764518696,0,0,0
"SCS_Suh_2023_SIAPS",358,12,4202,5,0.978119180633147,11.7374301675978,350.166666666667,0.329069490718705,0,0,0
"promis1wave1_pain",15961,168,434103,5,0.161891261736196,27.1977319716799,2583.94642857143,0.420999163792912,0,0,0
"BPAQ_Christopher_2024_BPAQSF",170,12,3408,5,1.67058823529412,20.0470588235294,284,0.356690140845071,0,0,0
"PROMISPME_Forrest_2021_Psych_Proxy",913,64,58202,5,0.996063800657174,63.7480832420591,909.40625,0.386055462011618,0,0,0
"pisa2012_math",482503,109,12194969,3,0.231875137649475,25.2743900037925,111880.449541284,0.428151518877597,0,0,0
"FEDSP_Trzcinska_2023_PSPCSA",197,12,3564,4,1.50761421319797,18.0913705583756,297,0.672558922558922,0,0,0
"COACH_Chen_2022_HDRS",2365,17,232006,5,5.77057579902997,98.0997885835095,13647.4117647059,0.397256967492235,0,0,0
"FACIT_YOUNT_2021_hadsx",608,14,8512,4,1,14,608,0.61474976503759,0,1,0
"mpsycho_Rmotivation",852,36,29687,2,0.96788601982264,34.843896713615,824.638888888889,0.560817866406211,0,0,0
"mpsycho_avlancheprep",1355,4,5420,5,1,4,1355,0.359261992619926,0,0,0
"RD_PpCvDOS_PadcOnaCns_Jinbo_2019_DOS",1075,10,10684,4,0.993860465116279,9.93860465116279,1068.4,0.537509359790341,0,0,0
"WMI_Read_Han",264,15,3960,8,1,15,264,0.786087662337662,0,0,0
"enem_2021_1mil_ch",1000000,90,45000000,2,0.5,45,5e+05,0.393736644455026,0,0,0
"preference_inventory",13502,12,162024,4,1,12,13502,0.613811842689962,0,0,0
"gilbert_meta_38",839,9,7551,2,1,9,839,0.355449609323265,0,0,0
"nerdy_personality",14955,52,775743,8,0.997534912429597,51.871815446339,14918.1346153846,0.68855300199758,0,0,0
"promis1wave1_haq",1590,24,37677,4,0.987342767295597,23.6962264150943,1569.875,0.041780573470997,0,0,0
"CBI_Rodriguez_2021",2082,28,58296,4,1,28,2082,0.225584373999365,0,0,0
"PROMISPME_Forrest_2021_Strength_Proxy",918,25,22934,5,0.999302832244009,24.9825708061002,917.36,0.737682044126632,0,0,0
"gilbert_meta_52",102873,11,2263206,2,2,22,205746,0.0918285829922099,0,0,0
"ALSECYPIAMH_WU_2022_NEI",7842,5,39210,2,1,5,7842,0.351287936750815,0,0,0
"SABFI2_Gallardo_Pujol_2018_LOT",419,6,2514,5,1,6,419,0.587669053301511,0,0,0
"NSR-FC_Youhasan_2021",355,35,12424,5,0.999919517102616,34.9971830985915,354.971428571429,0.779845460399228,0,0,0
"andrich_mudfold",54,8,432,2,1,8,54,0.481481481481482,0,0,0
"5personalityfactors",8936,70,623105,7,0.99613921217547,69.7297448522829,8901.5,0.620325856568542,0,0,0
"brain_hemisphere",29528,20,588398,5,0.996339068003251,19.926781360065,29419.9,0.641750651769761,1,0,0
"enem_2017_1mil_cn",1000000,98,45000000,2,0.459183673469388,45,459183.673469388,0.2680698000059,0,0,0
"RD_EppSCQRK_Kipkemoi_2024_scq",243,40,10720,2,1.10288065843621,44.1152263374486,268,0.297201492537315,0,0,0
"gilbert_meta_50",449,11,6497,2,1.31544847135048,14.4699331848552,590.636363636364,0.650146221332923,0,0,0
"RLMS_MLCIRTwithin",1474,4,5823,5,0.987618724559023,3.95047489823609,1455.75,0.434741542160401,0,0,0
"ucla_BrummerHoffman_2021",1828,3,5484,3,1,3,1828,0.602905421833211,0,1,0
"PROMISPME_Forrest_2021_Family_Proxy",1845,113,207827,5,0.996843897642516,112.643360433604,1839.17699115044,0.821662247927369,0,0,0
"EEN_Lacey_2024_Children",2348,13,30524,6,1,13,2348,0.552565194600962,0,0,0
"RvKDCS_Romiacg_Miroshnik_2020_KDOCS",1011,50,50550,5,1,50,1011,0.626991097922846,0,0,0
"gilbert_meta_8",1335,29,37182,2,0.960402944595118,27.8516853932584,1282.13793103448,0.473105265988919,0,0,0
"gilbert_meta_51",449,8,6675,2,1.85829621380846,14.8663697104677,834.375,0.610936329588013,0,0,0
"gilbert_meta_58",1154,13,69429,2,4.62798293560859,60.1637781629116,5340.69230769231,0.210560428639295,0,0,0
"mturkddm_y25",166,12,127433,2,63.9723895582329,767.668674698795,10619.4166666667,0.831542849968255,1,0,0
"graphmapping_study1",61,18,6318,2,5.75409836065574,103.573770491803,351,0.569009180120282,1,0,0
"iat_difference",19925,20,392451,7,0.984820577164366,19.6964115432873,19622.55,0.600303149765384,0,0,0
"autonomysupport_mokken",14,7,1813,5,18.5,129.5,259,0.653474903474903,0,0,1
"ALSECYPIAMH_WU_2022_PIL",7842,4,31368,7,1,4,7842,0.689524356031626,0,0,0
"offlinefriend_dospert",800,30,22140,6,0.9225,27.675,738,0.453651008732307,0,0,0
"wine_luckett2021",17,3,1998,100,39.1764705882353,117.529411764706,666,0.568600823045268,0,0,1
"bae_boredom_bieleke2022",636,17,10812,7,1,17,636,0.6682786322076,0,0,0
"gilbert_meta_44",243,22,14729,6,2.75514403292181,60.6131687242798,669.5,0.753710367302608,0,0,0
"pisa2015_science",188046,60,2730800,3,0.24203297774658,14.5219786647951,45513.3333333333,0.476916471363251,1,0,0
"CV_OASIS_ODSIS_PPE_Novak_2020_DSES",2474,7,17325,6,1.00040420371867,7.00282942603072,2475,0.342193362193363,0,0,0
"sapa_personality",23678,696,2039803,6,0.123775295074821,86.1476053720754,2930.75143678161,0.614986022342935,0,0,0
"GART_Grolig_2020",120,75,9000,2,1,75,120,0.366547619047618,0,0,0
"aa1_Silvia_2023",1071,14,14994,5,1,14,1071,0.460717620381477,0,0,0
"cdm_ecpe",2922,28,81816,2,1,28,2922,0.714591277989632,0,0,0
"ALSECYPIAMH_WU_2022_MIL",7842,10,78420,7,1,10,7842,0.714668269756262,0,0,0
"IJLS_Eersel_2024_Work",200,9,1800,7,1,9,200,0.661047619047619,0,0,0
"enem_2014_1mil_lc",999997,100,49999850,2,0.5,50,499998.5,0.258761864163193,0,0,0
"CQTMS_Hur_2023",767,160,122563,5,0.998720664928292,159.795306388527,766.01875,0.710201284237497,0,0,0
"ffm_CSN",1010965,10,10057944,5,0.99488548070408,9.94885480704081,1005794.4,0.629499348971588,1,0,0
"MBPS_Vangsness_2019",235,122,28271,5,0.986083013603069,120.302127659574,231.729508196721,0.589598882246826,0,0,0
"IJLS_Eersel_2024_IJLSreaction",200,9,3303,5,1.835,16.515,367,0.623554344535271,0,0,0
"enem_2021_1mil_mt",1000000,93,45000000,2,0.483870967741935,45,483870.967741935,0.296822953850351,0,0,0
"gilbert_meta_62",741,4,8622,4,2.90890688259109,11.6356275303644,2155.5,0.197092708574963,0,0,0
"SABFI2_Gallardo_Pujol_2018_BFI",1419,60,85140,5,1,60,1419,0.633481324876674,0,0,0
"gilbert_meta_53",1880,14,52640,2,2,28,3760,0.599373100303953,0,0,0
"mindfulness_assessment",601,39,23300,5,0.994069712871709,38.7687188019967,597.435897435897,0.651467811158797,0,0,0
"RvKDCS_Romiacg_Miroshnik_2020_BFI",1011,60,60660,5,1,60,1011,0.612575008242663,0,0,0
"IJLS_Eersel_2024_Optimism",199,6,1194,5,1,6,199,0.661139028475712,0,0,0
"gad_BrummerHoffman_2021",1828,35,63935,4,0.999296655204751,34.9753829321663,1826.71428571429,0.476332733766066,0,1,0
"enem_2016_1mil_mt",1000000,93,45000000,2,0.483870967741935,45,483870.967741935,0.257580177778792,0,0,0
"OS_TBMWTFS_Schubert_2023_BMW3",1038,12,12456,5,1,12,1038,0.611873795761076,0,0,0
"geiser_tam",519,24,12456,2,1,24,519,0.334617854849072,0,0,0
"wirs",1005,6,6030,2,1,6,1005,0.330514096185737,0,0,0
"tma",5401,50,267888,2,0.991994075171264,49.5997037585632,5357.76,0.650521859881915,0,0,0
"enem_2020_1mil_ch",1000000,135,45000000,2,0.333333333333333,45,333333.333333333,0.368520711127239,0,0,0
"gilbert_meta_21",4084,86,135750,2,0.386505477985559,33.239471106758,1578.48837209302,0.653952117863636,0,0,0
"gilbert_meta_26",779,15,23310,2,1.99486521181001,29.9229781771502,1554,0.51801801801802,0,0,0
"sds",473,13,6149,6,1,13,473,0.321353065539112,0,0,0
"COACH_Chen_2022_CSQ",2362,8,18891,5,0.999735393734124,7.99788314987299,2361.375,0.499965592080885,0,0,0
"CHEXI_Lin_2019",2212,24,52799,5,0.994556208559373,23.869349005425,2199.95833333333,0.531059300365536,0,0,0
"enem_2016_1mil_cn",1000000,102,45000000,2,0.441176470588235,45,441176.470588235,0.25823196197621,0,0,0
"enem_2019_1mil_ch",1000000,45,45000000,2,1,45,1e+06,0.374620688901256,0,0,0
"HEARD_Roch_2022_WHODAS",600,12,7191,5,0.99875,11.985,599.25,0.31494924210819,0,0,0
"FIVPEI_Perrig_2023_PENS",1551,21,32571,7,1,21,1551,0.66825002083361,0,0,0
"FACIT_YOUNT_2021_clinic10",607,18,10926,2,1,18,607,0.253615229727255,0,1,0
"DEMOS",2664,4,10656,2876,1,4,2664,0.589391382728221,0,0,0
"EEN_Lacey_2024_Parent",2485,24,59456,6,0.996914822266935,23.9259557344064,2477.33333333333,0.496669806243268,0,0,0
"roar_lexical",123,500,61500,2,1,500,123,0.796666666666667,1,0,0
"gilbert_meta_33",1610,18,48773,5,1.68298826777088,30.2937888198758,2709.61111111111,0.634826645890138,0,0,0
"promis1wave1_cesd",778,20,15471,4,0.994280205655527,19.8856041131105,773.55,0.268545450628059,0,0,0
"MotAcademica_Ribeiro_2019",1157,29,33553,7,1,29,1157,0.451724563696669,0,0,0
"PTCI_Chinese_Zhan_2024",1267,33,80388,7,1.92265193370166,63.447513812155,2436,0.318249347805996,0,0,0
"PEMAIW_Qiu_2020_MLQ",956,10,10748,7,1.12426778242678,11.2426778242678,1074.8,0.662435536179488,0,0,0
"ffm_EXT",1011264,10,10069172,5,0.995701616986267,9.9570161698627,1006917.2,0.608687208838983,1,0,0
"CFC_Balaji_2019",132,12,1584,5,1,12,132,0.707954545454546,0,0,0
"dd_rotation",121,10,1178,2,0.973553719008264,9.73553719008265,117.8,0.885398981324278,1,0,0
"enem_2013_1mil_mt",999822,45,44991990,2,1,45,999822,0.267329562428226,0,0,0
"ds14_mokken",541,14,7564,6,0.998679693688936,13.9815157116451,540.285714285714,0.361706768905342,0,0,0
"polca_carcinoma",118,7,826,2,1,7,118,0.464891041162227,0,0,0
"enem_2022_1mil_ch",1000000,90,45000000,2,0.5,45,5e+05,0.415922000022762,0,0,0
"HEARD_Roch_2022_SWLPWI",600,8,4800,11,1,8,600,0.705625,0,0,0
"LOC_fadplus_goto2021",802,7,5614,7,1,7,802,0.63168609089521,0,0,0
"AOMT_BR_SF_EDPANAB_Geiger_2021_AOT",286,14,7098,5,1.77272727272727,24.8181818181818,507,0.70887573964497,0,0,0
"gilbert_meta_28",8857,17,185297,2,1.23064508630595,20.920966467201,10899.8235294118,0.310431361543839,0,0,0
"CV_OASIS_ODSIS_PPE_Novak_2020_RSES",2373,10,23740,4,1.00042140750105,10.0042140750105,2374,0.583803706823935,0,0,0
"PEMAIW_Qiu_2020_PANAS",960,20,21611,5,1.12557291666667,22.5114583333333,1080.55,0.529313775392162,0,0,0
"enem_2014_1mil_cn",999999,52,44999955,2,0.865384615384615,45,865383.75,0.194808950367751,0,0,0
"enem_2016_1mil_lc",1000000,80,40000000,2,0.5,40,5e+05,0.173847374999008,0,0,0
"enem_2022_1mil_mt",1000000,95,45000000,2,0.473684210526316,45,473684.210526316,0.293994069398628,0,0,0
"protestant_workethic",1350,45,60636,8,0.998123456790124,44.9155555555556,1347.46666666667,0.654325577450452,1,0,0
"gilbert_meta_24",644,13,14294,2,1.70735785953177,22.195652173913,1099.53846153846,0.723590317615799,0,0,0
"PTAM_Kretzschmar_2017_Raven",238,20,4760,2,1,20,238,0.491806722689077,0,0,0
"PTAM_Kretzschmar_2017_MicroFIN",253,24,6904,5,1.13702239789196,27.2885375494071,287.666666666667,0.446154403244497,0,0,0
"BAFACALO_Golino_2013_FIS",292,60,14632,2,0.835159817351598,50.1095890410959,243.866666666667,0.693821760524871,0,0,0
"gilbert_meta_59",1154,10,57000,5,4.93934142114385,49.3934142114385,5700,0.359320175438596,0,0,0
"gilbert_meta_42",726,20,29040,8,2,40,1452,0.625238587170409,0,0,0
"PTAM_Kretzschmar_2017_Reasoning",234,36,7808,2,0.92687559354226,33.3675213675214,216.888888888889,0.602587090163938,0,0,0
"gilbert_meta_19",51612,21,1774229,2,1.63696611714514,34.376288460048,84487.0952380952,0.360809681275799,0,0,0
"kfcovid_pss_Li2020",110,4,440,5,1,4,110,0.667045454545454,0,0,0
"consideration_future_consequences",15028,12,180069,5,0.998519430396593,11.9822331647591,15005.75,0.632914049614321,0,0,0
"VSOCFP_Sebo_2024",794,8,6317,7,0.99448992443325,7.955919395466,789.625,0.705556435016621,0,0,0
"PROMISPME_Forrest_2021_PosAff_Proxy",909,53,48060,5,0.997571455258734,52.8712871287129,906.792452830189,0.802900540990428,0,0,0
"papp_silva-martins2023",503,62,19233,5,0.616719040595139,38.2365805168986,310.209677419355,0.577329763080813,0,0,0
"MCVFR_Breuer_2017_FRM_MC",433,50,10825,2,0.5,25,216.5,0.667898383371821,1,0,0
"gilbert_meta_46",156,42,10498,2,1.60225885225885,67.2948717948718,249.952380952381,0.59563726424081,1,0,0
"pisa2003_problem_solving",143467,12,838595,3,0.487100982572067,5.84521179086482,69882.9166666667,0.552090699324429,0,0,0
"IJLS_Eersel_2024_IUS",199,12,2388,5,1,12,199,0.632747068676717,0,0,0
"SPQVS_Barnby_2017_OLIFE",191,42,8022,2,1,42,191,0.344053851907251,0,0,0
"FPAS_Silva_2022",151,18,2718,5,1,18,151,0.816188373804268,0,0,0
"gilbert_meta_23",958,38,63640,2,1.74815954290737,66.4300626304802,1674.73684210526,0.522155876807033,0,0,0
"promis1wave1_social",15045,112,292014,5,0.173297963253098,19.4093718843452,2607.26785714286,0.749862677816813,0,0,0
"janssen2_tam",346,20,6920,2,1,20,346,0.585115606936415,0,0,0
"PROMISPME_Forrest_2021_GHGlobal_Proxy",1807,21,36038,6,0.94969299285846,19.9435528500277,1716.09523809524,0.790185359897888,0,0,0
"PROMISPME_Forrest_2021_Psych_Children",1874,64,119484,5,0.996231323372465,63.7588046958378,1866.9375,0.425330588195915,0,0,0
"mpsycho_zareki",341,16,5456,2,1,16,341,0.782807917888564,0,0,0
"MGSISGCLQ_Hollyhead_2018",31,25,775,5,1,25,31,0.261921458625528,0,0,0
"FIVPEI_Perrig_2023_IMI",1551,7,10857,7,1,7,1551,0.662837668916696,0,0,0
"mturkddm_lexical",142,4588,68024,2,0.104411999459705,479.042253521127,14.8265039232781,0.885586486963685,1,0,0
"PEPABAS2C_Kubicka_2024",200,24,4841,7,1.00854166666667,24.205,201.708333333333,0.698425158123565,0,0,0
"psychtools_Athenstaedt",576,74,42624,7,1,74,576,0.582009464821964,0,0,0
"pisa2015_read",227833,100,2884889,3,0.126622965066518,12.6622965066512,28848.89,0.569207862070569,1,0,0
"COACH_Chen_2022_IADL",2364,8,54653,5,2.88985829103215,23.1188663282572,6831.625,0.500475728688268,0,0,0
"ALSECYPIAMH_WU_2022_SDQ",7841,6,47046,3,1,6,7841,0.82291090988961,0,0,0
"KanjiOAHaS_Inoue_2024",255,120,9769,2,0.319248366013072,38.3098039215686,81.4083333333334,0.567100010236466,1,0,0
"promis1wave1_anger",15043,56,149758,5,0.177773715349332,9.95532805956288,2674.25,0.361935923289556,0,0,0
"rr98_accuracy",30,33,12205,2,12.3282828282828,406.833333333333,369.848484848485,0.72191724702992,1,0,0
"cdm_timss07",698,25,12494,2,0.715988538681948,17.8997134670487,499.76,0.4978389627021,0,0,0
"gilbert_meta_56",2712,4,17364,2,1.60066371681416,6.40265486725663,4341,0.310009214466703,0,0,0
"enem_2019_1mil_mt",1000000,46,45000000,2,0.978260869565218,45,978260.869565217,0.258186199999622,0,0,0
"BAFACALO_Golino_2013_BVPS",292,62,16058,2,0.886986301369863,54.9931506849315,259,0.806140241624111,0,0,0
"gilbert_meta_10",4895,20,96688,3,0.987620020429009,19.7524004085802,4834.4,0.821453196535934,0,0,0
"COACH_Chen_2022_WHOQOL_BREF",2364,26,176081,5,2.86478263699076,74.4843485617597,6772.34615384615,0.599242394125435,0,0,0
"immer09_immer",57,20,128,7,0.112280701754386,2.24561403508772,6.4,0.773995535714286,0,0,0
"enem_2020_1mil_lc",989950,80,39598000,2,0.5,40,494975,0.174891736960019,0,0,0
"IJLS_Eersel_2024_DenialAcceptance",199,4,796,4,1,4,199,0.57820351758794,0,0,0
"trees_sirt",387,15,5805,2,1,15,387,0.248406546080963,0,0,0
"artistic_preferences",18575,56,1038909,8,0.998758892520669,55.9304979811575,18551.9464285714,0.623105529798166,1,0,0
"SABFI2_Gallardo_Pujol_2018_Narq",419,6,2514,5,1,6,419,0.500636435958631,0,0,0
"Fh_Okcsr_Roos_2022_study1_Feeling_Heard",194,106,8148,7,0.39622641509434,42,76.8679245283019,0.671790331252776,0,0,0
"aestheticfluency_cotter2023",2480,36,89265,3,0.999831989247312,35.9939516129032,2479.58333333333,0.27120371926291,0,0,0
"gilbert_meta_64",4056,9,35861,5,0.982385492000877,8.84146942800789,3984.55555555556,0.343632358272172,0,0,0
"gilbert_meta_66",281,10,5518,4,1.96370106761566,19.6370106761566,551.8,0.803098948894526,0,0,0
"mpsycho_Rogers",408,26,10608,5,1,26,408,0.454853255404729,0,0,0
"phq_BrummerHoffman_2021",1828,45,82206,4,0.999343544857768,44.9704595185996,1826.8,0.431485130850116,0,1,0
"gilbert_meta_36",1418,7,19740,2,1.98871650211566,13.9210155148096,2820,0.565146909827756,0,0,0
"PEMAIW_Qiu_2020_BWSS",955,20,21493,5,1.12528795811518,22.5057591623036,1074.65,0.74747126971572,0,0,0
"AMI_CV_Hewitt2024",189,18,3397,5,0.998530276308054,17.973544973545,188.722222222222,0.373344127171033,0,0,0
"gilbert_meta_70",6391,33,395462,2,1.87508949611907,61.8779533719294,11983.696969697,0.177099190314177,0,0,0
"QaSLu_lopez_2024",118,45,5310,5,1,45,118,0.740913370998118,0,0,0
"CPDMMC_Kunnari_2020_PDP",1043,18,18774,2,1,18,1043,0.595078299776269,0,0,0
"gilbert_meta_4",999,20,51566,4,2.58088088088088,51.6176176176176,2578.3,0.309939365731943,0,0,0
"psychtools_bfi",2800,25,69492,6,0.992742857142857,24.8185714285714,2779.68,0.628098678025286,0,0,0
"credentialform_lnirt",1636,200,294480,2,0.9,180,1472.4,0.7226976365118,1,0,0
"AOMT_BR_SF_EDPANAB_Geiger_2021_RF",286,28,14196,6,1.77272727272727,49.6363636363636,507,0.580703484549641,0,0,0
"whodas_BrummerHoffman_2021",1828,12,21936,5,1,12,1828,0.390846097738873,0,1,0
"geography",90767,1458,9805599,2,0.0740949523858878,108.030440578622,6725.37654320987,0.804054563967363,1,0,0
"mpsycho_condom",500,6,3000,4,1,6,500,0.470555555555555,0,0,0
"DMCT_Addis_2020_MCT",92,44,4048,2,1,44,92,1,1,0,0
"SV-MAIA2_Randelovic_2021_SHS",433,8,2012,7,0.580831408775981,4.64665127020785,251.5,0.677080374893496,0,1,0
"SV-MAIA2_Randelovic_2021_delta",218,120,26160,5,1,120,218,0.529439984709479,0,0,0
"stress_deboeck2012",185,11,6781,2,3.33218673218673,36.6540540540541,616.454545454545,0.657277687656688,0,0,0
"OS_TBMWTFS_Schubert_2023_SMW",215,4,1564,7,1.81860465116279,7.27441860465116,391,0.648611618560468,0,0,0
"acl_mokken",433,109,94394,5,2,218,866,0.540203826514409,0,0,0
"estcrm_selfeff",307,10,3070,161,1,10,307,0.804533121865896,0,0,0
"spanishmegastudy",48233,1270,2893980,2,0.047244094488189,60,2278.72440944882,0.599053207001875,1,0,0
"SABFI2_Gallardo_Pujol_2018_SWB",419,4,1676,7,1,4,419,0.626235935901807,0,0,0
"grit",3158,12,37831,5,0.998284779396242,11.9794173527549,3152.58333333333,0.56019137744178,0,0,0
"project_kids_items",15007,977,2085264,2,0.142223905200432,138.95275538082,2134.3541453429,0.663579767361204,0,0,0
"cdm_pisa00R",1095,26,28470,3,1,26,1095,0.540112399016512,0,0,0
"SPQVS_Barnby_2017_SIAS",191,20,3820,5,1,20,191,0.48303664921466,0,0,0
"BSCS_fadplus_goto2021",802,13,10426,5,1,13,802,0.622328793401112,0,0,0
"ThreatPerceptions_Isler_2024_CRT",3375,3,8753,4,0.864493827160494,2.59348148148148,2917.66666666667,0.406346395521534,0,0,0
"gilbert_meta_72",5388,53,435609,2,1.52543387821994,80.8479955456571,8219.03773584906,0.533042246601486,0,0,0
"kfcovid_Li2020",110,12,1320,2,1,12,110,0.891666666666667,0,0,0
"PROMISPFUE_2",600,34,20151,5,0.987794117647059,33.585,592.676470588235,0.840881345838916,0,0,0
"idas_machado2024",2379,101,240279,5,1,101,2379,0.564512920396729,0,0,0
"BPAQ_Christopher_2024_PCL5",109,20,2180,5,1,20,109,0.352545871559633,0,0,0
"mq_supremecourt",48,6108,53245,2,0.181609501200611,1109.27083333333,8.71725605762933,0.704817353742131,0,1,0
"empathizing_systemizing",13254,120,1583300,4,0.995485639555354,119.458276746643,13194.1666666667,0.621546137813508,0,0,0
"AAQ-II",1497,7,10521,7,1.00400801603206,7.02805611222445,1503,0.474438877347346,0,0,0
"test_taking_patterns_over_time",1802,284,405252,3,0.791866627065389,224.890122086571,1426.94366197183,0.816836190814543,0,0,0
"PROMISPME_Forrest_2021_GHGlobal_Children",3635,18,65428,6,0.999969432981813,17.9994497936726,3634.88888888889,0.777655336145583,0,0,0
"psychoneurotic_inventory",6016,116,691870,2,0.991422299156273,115.004986702128,5964.39655172414,0.382895630681868,0,0,0
"SPQVS_Barnby_2017_SENPQ",191,16,3056,5,1,16,191,0.300163612565445,0,0,0
"smacof_pvq40",151,40,6023,6,0.997185430463576,39.887417218543,150.575,0.493126348995517,0,0,0
"gilbert_meta_55",1704,15,25560,2,1,15,1704,0.651486697965576,0,0,0
"hads_multilcirt",201,14,2814,4,1,14,201,0.322672352523099,0,0,0
"EWAS_Sanford_2024_Flourish",482,8,3856,7,1,8,482,0.771821280379372,0,0,0
"enem_2020_1mil_cn",1000000,143,45000000,2,0.314685314685315,45,314685.314685315,0.31635684132087,0,0,0
"NAMPRB_Siwiak_2024_BSR10",156,30,4680,5,1,30,156,0.534358974358974,0,0,0
"gilbert_meta_18",51652,21,1809838,2,1.66852710262452,35.039069155115,86182.7619047619,0.20991989338329,0,0,0
"gilbert_meta_31",12560,6,146583,2,1.94510350318471,11.6706210191083,24430.5,0.505617977528109,0,0,0
"mpsycho_bsss",1626,8,13008,5,1,8,1626,0.667281672816729,0,0,0
"grit_BrummerHoffman_2021",1828,8,14624,5,1,8,1828,0.657986870897155,0,1,0
"pisa2000_read",193138,129,7987114,3,0.320577060977647,41.3544408661103,61915.6124031008,0.638733463313099,0,0,0
"gilbert_meta_15",3510,10,35100,2,1,10,3510,0.559430199430234,0,0,0
"quantshort",1000,24,24000,2,1,24,1000,0.455458333333326,0,0,0
"enem_2013_1mil_ch",999823,45,44992035,2,1,45,999823,0.377924448173925,0,0,0
"neurips_2022",6468,5730,472309,2,0.0127438774970563,73.0224180581352,82.4273996509603,0.619585224661219,0,1,0
"pisa2003_math",270613,84,5933858,3,0.261041290206556,21.9274683773525,70641.1666666667,0.540443251554455,0,0,0
"kfcovid_fear_Li2020",110,7,770,5,1,7,110,0.434978354978355,0,0,0
"gilbert_meta_30",14576,10,164735,2,1.13017974753019,11.3017974753018,16473.5,0.439250918141155,0,0,0
"FEDSP_Trzcinska_2023_PRD",197,5,988,6,1.00304568527919,5.01522842639594,197.6,0.468623481781376,0,0,0
"ALSECYPIAMH_WU_2022_Empathy",7842,7,54894,5,1,7,7842,0.619853718074842,0,0,0
"enem_2017_1mil_mt",1000000,91,45000000,2,0.494505494505495,45,494505.494505494,0.262215644430456,0,0,0
"gilbert_meta_60",2558,9,53190,2,2.31039874902267,20.7935887412041,5910,0.716864072194026,0,0,0
"american_multiracial_face",1145,2252,117880,7,0.0457157926578607,102.951965065502,52.3445825932505,0.599024532615889,0,0,0
"EEEDPRM_Bulut_2021",961,10,9610,4,1,10,961,0.533749566423866,0,0,0
"SABFI2_Gallardo_Pujol_2018_Constru",419,13,5447,9,1,13,419,0.568467862023948,0,0,0
"gilbert_meta_32",4513,20,162640,2,1.80190560602703,36.0381121205407,8132,0.297675848499701,0,0,0
"fad_dataset1",56,27,1512,5,1,27,56,0.597321428571428,0,0,0
"psychotools_mathexam",729,13,9477,3,1,13,729,0.651313706869269,0,0,0
"enem_2015_1mil_ch",1000000,90,45000000,2,0.5,45,5e+05,0.424580155560319,0,0,0
"COACH_Chen_2022_treatmentStigma",2365,3,13722,2,1.93403805496829,5.80211416490486,4574,0.688966622941249,0,0,0
"gilbert_meta_11",2588,24,59246,2,0.953857547655847,22.8925811437403,2468.58333333333,0.444519461229453,0,0,0
"dass_Thiyagarajan2022",971,21,20391,4,1,21,971,0.430712896212381,0,0,0
"number_pattern_game",606,255,272700,2,1.76470588235294,450,1069.41176470588,0.317803447011381,0,0,0
"ALSECYPIAMH_WU_2022_PHQ",7842,2,15684,4,1,2,7842,0.292463657230292,0,0,0
"NAMPRB_Siwiak_2024_NEOFFI",278,60,16680,5,1,60,278,0.634904076738609,0,0,0
"QCDQES_Oliveira_2022",687,42,28841,4,0.999549455881334,41.981077147016,686.690476190476,0.618997260843937,0,0,0
"MEFSIRODGAS_Nileksela_2023_severity",497,91,43853,5,0.969619917306034,88.2354124748491,481.901098901099,0.548029781314855,0,0,0
"spelling2pronounce_edwards2023",23282,1,617233,6,26.5111674254789,26.5111674254789,617233,0.406161044532466,0,0,1
"PEMAIW_Qiu_2020_FFMQ",1057,39,45854,5,1.11234019843291,43.3812677388836,1175.74358974359,0.634998037248659,0,0,0
"mturkddm_by",166,20,132570,2,39.9307228915663,798.614457831325,6628.5,0.66946518820245,1,0,0
"sexual_compulsivity",3373,10,33565,4,0.99510821227394,9.9510821227394,3356.5,0.589587367793838,0,0,0
"PROMISPME_Forrest_2021_Physical_Proxy",1957,122,120667,6,0.505403050838939,61.6591722023505,989.073770491803,0.413835320896928,0,0,0
"gilbert_meta_29",14576,15,358480,2,1.63959019392609,24.5938529088913,23898.6666666667,0.704934724391828,0,0,0
"PROMISPME_Forrest_2021_MP_Children",1895,55,103972,5,0.997572559366754,54.8664907651715,1890.4,0.852264071096065,0,0,0
"ada_boredom_bieleke2022",636,10,6360,7,1,10,636,0.640049415992812,0,0,0
"gilbert_meta_68",9413,35,439888,2,1.33519904084018,46.7319664294061,12568.2285714286,0.45954652093287,0,0,0
"mpsycho_asti",1129,25,28225,4,1,25,1129,0.554602893415995,0,0,0
"RD_PPCSEDSOF_Afable_2023",5209,11,57299,3,1,11,5209,0.552231859776502,0,0,0
"pisa2015_math",188046,60,2730800,3,0.24203297774658,14.5219786647951,45513.3333333333,0.476916471363251,1,0,0
"content_literacy_interention_g1",5293,116,569316,4,0.927242877710965,107.560173814472,4907.89655172414,0.545513095246163,0,0,0
"promis1wave1_depression",14909,56,143840,5,0.172283280472965,9.64786370648569,2568.57142857143,0.370870411568407,0,0,0
"RD_PpSL7as_Ghasemy_2024_SL",617,4,2468,5,1,4,617,0.78290113452188,0,0,0
"psychtools_geras",471,50,23550,5,1,50,471,0.72703467799009,0,0,0
"16_personalityfactors",49004,163,7913998,5,0.990779017413377,161.496979838381,48552.1349693252,0.630820073495123,0,0,0
"MCVFR_Breuer_2017_TAI",376,15,5640,4,1,15,376,0.554875886524821,0,0,0
"g308_sirt",747,20,14940,2,1,20,747,0.627710843373483,0,0,0
"GBJW_fadplus_goto2021",802,7,5614,6,1,7,802,0.532448640304004,0,0,0
"VEI_Brazillian_Shiramizu_2018_IRI",698,28,19499,5,0.997697503069996,27.9355300859599,696.392857142857,0.742314990512338,0,0,0
"vocab_assessment_3_to_8_year_old_children",581,52,30212,2,1,52,581,0.879087779690143,1,0,0
"SV-MAIA2_Randelovic_2021_DASS",205,21,4288,4,0.996051103368177,20.9170731707317,204.190476190476,0.271455223880597,0,1,0
"nature_relatedness",1522,32,48549,8,0.996817509855453,31.8981603153745,1517.15625,0.663498144731522,1,0,0
"HEARD_Roch_2022_IDSS",600,12,7192,5,0.998888888888889,11.9866666666667,599.333333333333,0.389251946607342,0,0,0
"deception_professors",568,21,8666,83,0.726525821596244,15.2570422535211,412.666666666667,0.359975857625814,0,0,0
"political_psychology",552,37,296862,7,14.5349588719154,537.79347826087,8023.2972972973,0.621692947917764,0,1,0
"NAMPRB_Siwiak_2024_DESRPL",172,28,4815,8,0.999792358803987,27.9941860465116,171.964285714286,0.227167086980171,0,0,0
"enem_2018_1mil_mt",1000000,47,45000000,2,0.957446808510638,45,957446.808510638,0.266117204534529,0,0,0
"gilbert_meta_67",281,4,2215,5,1.97064056939502,7.88256227758007,553.75,0.86076749435666,0,0,0
"FACES_Spanish_Vegas_2022_FACES",1187,42,49388,5,0.990652705901232,41.6074136478517,1175.90476190476,0.568514618935774,0,0,0
"MMF_Solis_2020",10746,10,89156,5,0.829666852782431,8.29666852782432,8915.6,0.542458350157785,0,0,0
"RDatasets_gssabortion",45599,7,301343,2,0.944077721002654,6.60854404701845,43049,0.616549911562561,0,0,0
"gilbert_meta_16",4031,71,257458,2,0.89957058151439,63.8695112875217,3626.16901408451,0.492433717344111,0,0,0
"joreskog_moustaki_2001",715,6,4290,3,1,6,715,0.786713286713287,0,0,0
"NAMPRB_Siwiak_2024_AOT",156,8,1248,6,1,8,156,0.490624999999999,0,0,0
"DMCT_Addis_2020_PSYQ",92,35,3220,11,1,35,92,0.725,0,0,0
"hmcdm_spatialreasoning",350,50,3500,2,0.2,10,70,0.758857142857142,1,0,0
"enem_2017_1mil_lc",1000000,143,50000000,2,0.34965034965035,50,349650.34965035,0.37611698000739,0,0,0
"introversion_extroversion",7188,91,654108,5,1,91,7188,0.606981110153059,1,0,0
"riasec",145828,74,10760653,8,0.997162614379473,73.790033464081,145414.22972973,0.551953489386007,0,0,0
"estcrm_epia",1033,5,5165,111,1,5,1033,0.453867420179134,0,0,0
"CV_OASIS_ODSIS_PPE_Novak_2020_BFI",2409,8,19280,5,1.00041511000415,8.00332088003321,2410,0.567572614107882,0,0,0
"COACH_Chen_2022_PHQ9",2363,9,122645,4,5.76691587906146,51.9022429115531,13627.2222222222,0.380727574164004,0,0,0
"gilbert_meta_54",1880,6,22560,4,2,12,3760,0.802216312056738,0,0,0
"firstborn_personality",41841,76,3160911,5,0.994023427033922,75.545780454578,41590.9342105263,0.624559691810456,0,1,0
"psychtools_ability",1509,16,23257,2,0.963262094102054,15.4121935056329,1453.5625,0.51313583007265,0,0,0
"face_memory_test",1768,175,151834,5,0.490736910148675,85.8789592760181,867.622857142857,0.69837058893264,1,0,0
"PSR-P_Scale_Intimacy_Hakim_2018_Study3",897,24,21433,7,0.995587142326273,23.8940914158305,893.041666666667,0.609180769307678,0,0,0
"psiq_woelk2022",735,35,25725,11,1,35,735,0.707028182701651,0,0,0
"pisa2006_science",381172,192,22644363,4,0.309412524070498,59.4072046215402,117939.390625,0.566186494181675,0,0,0
"promis_BrummerHoffman_2021",1828,80,109594,5,0.74941192560175,59.95295404814,1369.925,0.530218807598967,0,1,0
"gilbert_meta_57",1154,9,42840,4,4.12478336221837,37.1230502599653,4760,0.21829287270465,0,0,0
"APFCompact_Ptacek_2024_AAQ_II",299,7,2093,7,1,7,299,0.413680522376174,0,0,0
"enem_2018_1mil_cn",1000000,55,45000000,2,0.818181818181818,45,818181.818181818,0.260723577775388,0,0,0
"promis1wave1_anxiety",14909,56,144194,5,0.172707281316175,9.67160775370587,2574.89285714286,0.365692053760907,0,0,0
"QADT_Kleka_2023",453,12,16308,2,3,36,1359,0.689416237429481,0,0,0
"immer12_immer",20,4,720,29,9,36,180,0.824616858237548,0,0,1
"mpsycho_wilpat",804,46,36984,3,1,46,804,0.495308782176067,0,0,0
"OS_TBMWTFS_Schubert_2023_CERQ",174,14,2436,7,1,14,174,0.630190007037297,0,0,0
"SABFI2_Gallardo_Pujol_2018_Micro",419,6,2514,4,1,6,419,0.699681782020683,0,0,0
"mpsycho_learnemo",111,10,1110,3,1,10,111,0.441891891891892,0,0,0
"naep_multilcirt",1510,12,18120,2,1,12,1510,0.598509933774834,0,0,0
"psychtools_msq",3892,75,275842,4,0.944988009592326,70.8741007194245,3677.89333333333,0.26869850614967,0,0,0
"SCS_Suh_2023_SCS",680,30,20391,7,0.999558823529412,29.9867647058824,679.7,0.66862131052215,0,0,0
"PROMISPME_Forrest_2021_MP_Proxy",927,55,50925,5,0.998823183289203,54.9352750809062,925.909090909091,0.867511045655378,0,0,0
"pisa2009_math",356033,35,5390873,3,0.432614231987324,15.1414981195563,154024.942857143,0.40133508988237,0,0,0
"motion",106,30,31800,2,10,300,1060,0.800786163522009,1,0,0
"IJLS_Eersel_2024_ICECAP",199,5,995,4,1,5,199,0.637939698492462,0,0,0
"ThreatPerceptions_Isler_2024_PANAS",5152,22,113344,5,1,22,5152,0.425335262563533,0,0,0
"FACIT_YOUNT_2021_crqsasx",608,20,11887,7,0.977549342105263,19.5509868421053,594.35,0.696619356079271,0,1,0
"figure_skating",1676,663,23077,1103,0.0207678628638898,13.769093078759,34.806938159879,0.801523475749877,0,0,0
"psychotools_conspiracist",2449,15,36629,5,0.99711446849054,14.9567170273581,2441.93333333333,0.477128777744431,0,0,0
"beh_boredom_bieleke2022",636,19,12084,6,1,19,636,0.463477877082645,0,0,0
"audit_BrummerHoffman_2021",1828,3,5484,5,1,3,1828,0.22228300510576,0,1,0
"gilbert_meta_39",6818,10,68035,2,0.99787327662071,9.9787327662071,6803.5,0.439700154332463,0,0,0
"NARQing",1248,40,49920,6,1,40,1248,0.625315504807703,0,0,0
"LSHS-E_Quidaja_2022",2664,16,42599,5,0.999413475975976,15.9906156156156,2662.4375,0.309438014976878,0,0,0
"depression_anxiety_stress",39775,68,2699343,8,0.998019373682848,67.8653174104337,39696.2205882353,0.567843082557656,1,0,0
"anxiety_lordif",766,29,22214,5,1,29,766,0.34103718375799,0,0,0
"famous_melodies",109,5,42876,9,78.6715596330275,393.357798165138,8575.2,0.576149827409277,1,0,1
"enem_2015_1mil_lc",1000000,82,40000000,2,0.487804878048781,40,487804.878048781,0.193024200004132,0,0,0
"SABFI2_Gallardo_Pujol_2018_Trust",419,5,2095,5,1,5,419,0.604105011933174,0,0,0
"icar_sapa",95236,60,1199896,2,0.209986419701233,12.599185182074,19998.2666666667,0.534728843166936,0,0,0
"ffm_EST",1010899,10,10057877,5,0.994943807442682,9.94943807442686,1005787.7,0.609500573530797,1,0,0
"Ellipse_Corssley_2024",8890,8,142240,6,2,16,17780,0.547275028121469,0,0,1
"ccapsvtskhpacr_mercedes_2023_physical",194,30,5820,2,1,30,194,0.210137457044675,0,0,0
"phq_insomnia_wang2025",572095,9,5148855,4,1,9,572095,0.181851693241672,0,0,0
"teq_novak_2021_spirit",782,15,11729,6,0.999914748508099,14.9987212276215,781.933333333333,0.699434450223093,0,0,0
"ecps_sahm_2024_distrust",13137,13,130849,7,0.76618007858017,9.96034102154221,10065.3076923077,0.488963832902267,0,0,0
"enem_2022_1mil_lc",1000000,84,40000000,2,0.476190476190476,40,476190.476190476,0.43889802499723,0,0,0
"depression_hymcohort_tang2022",448,24,10752,5,1,24,448,0.378143601190477,0,0,0
"mpsycho_youthdep",2290,26,59540,3,1,26,2290,0.13184413839435,0,0,0
"ecps_sahm_2024_identity",15699,4,62521,7,0.995620740174533,3.98248296069813,15630.25,0.574577608590194,0,0,0
"project_kids_told_grade",593,28,15220,2,0.916646591182847,25.6661045531197,543.571428571429,0.678580814717482,0,0,0
"teq_novak_2021_bfin",165,8,1320,5,1,8,165,0.587272727272727,0,0,0
"teq_novak_2021_scbs",644,5,3220,7,1,5,644,0.648314108251996,0,0,0
"project_kids_wj_spell_wave",733,47,27696,2,0.803924414385649,37.7844474761254,589.276595744681,0.695912767186586,0,0,0
"ecps_sahm_2024_sscd",15607,24,181216,7,0.483800004271588,11.6112001025181,7550.66666666667,0.746576303574588,0,0,0
"FGSIS_Berzeviczy_2018",170,10,1693,5,0.995882352941177,9.95882352941176,169.3,0.699054932073243,0,0,0
"project_kids_wj_wa_grade",842,32,32468,2,1.20501781472684,38.5605700712589,1014.625,0.606905260564256,0,0,0
"project_kids_topel",1066,36,36388,2,0.948196789660204,34.1350844277673,1010.77777777778,0.880262723974943,0,0,0
"preschool_sel_box",735,20,14234,2,0.968299319727891,19.3659863945578,711.7,0.610580300688503,0,0,0
"ccapsvtskhpacr_mercedes_2023_sf",194,12,2328,5,1,12,194,0.702749140893471,0,0,0
"ecps_sahm_2024_dtl",13299,11,145828,7,0.996848703593572,10.9653357395293,13257.0909090909,0.573341784254637,0,0,0
"florida_twins_cqbar",767,50,29100,2,0.758800521512386,37.9400260756193,582,0.220274914089338,0,0,0
"florida_twins_par",1353,31,31078,39,0.740957966764418,22.969696969697,1002.51612903226,0.642173326197927,0,0,0
"ecps_sahm_2024_stress",15736,28,302118,5,0.685684327111628,19.1991611591256,10789.9285714286,0.46934338018038,0,0,0
"rdatasets_gssabortion",45599,7,301343,2,0.944077721002654,6.60854404701845,43049,0.61654991156256,0,0,0
"ccapsvtskhpacr_mercedes_2023_tsk",194,17,5457,4,1.65463917525773,28.1288659793815,321,0.563175737584752,0,0,0
"project_kids_told_wave",1386,58,51602,2,0.641911728118625,37.2308802308803,889.689655172414,0.527653966900504,0,0,0
"preschool_sel_emt",898,48,21016,2,0.487564959168523,23.4031180400891,437.833333333333,0.548058622002281,0,0,0
"christiannationalism_davis2021",1378,6,8268,5,1,6,1378,0.575592646347364,0,0,0
"florida_twins_behavior_rcads",1387,94,208996,4,1.60300050622037,150.682047584715,2223.36170212766,0.384244196061197,0,0,0
"teq_novak_2021_teq",1141,16,17884,5,0.979623137598598,15.6739702015776,1117.75,0.656173115634103,0,0,0
"project_kids_wj_lwid_wave",3962,76,470335,2,1.5619935439305,118.711509338718,6188.61842105263,0.705692750911838,0,0,0
"florida_twins_chaos",808,6,4806,5,0.991336633663366,5.9480198019802,801,0.641989180191426,0,0,0
"florida_twins_dbi",606,36,21801,2,0.999312431243125,35.9752475247525,605.583333333333,0.0309113427598302,0,0,0
"preschool_sel_akt",883,17,14506,2,0.966358004130304,16.4280860702152,853.294117647059,0.709775265407419,0,0,0
"florida_twins_nes",1353,10,21739,4,1.60672579453067,16.0672579453068,2173.9,0.497711486268924,0,0,0
"ftna_kasper_2022",633038,11,8862532,5,1.27272727272727,14,805684.727272727,0.375981632563655,0,0,0
"project_kids_wj_ap",511,39,42253,2,2.12017662702594,82.6868884540117,1083.41025641026,0.610915201287438,0,0,0
"teq_novak_2021_selfesteem",196,10,1960,4,1,10,196,0.401530612244898,0,0,0
"gilbert_meta_5",2928,7,37584,2,1.83372365339578,12.8360655737705,5369.14285714286,0.573408897403132,0,0,0
"project_kids_wj_sa",1574,45,120449,2,1.7005364958351,76.5241423125794,2676.64444444444,0.686124417803331,0,0,0
"florida_twins_tech",608,22,13198,7,0.986692583732057,21.7072368421053,599.909090909091,0.252083649037734,0,0,0
"florida_twins_auth",1356,100,115306,2,0.850339233038348,85.0339233038352,1153.06,0.190415069467381,0,0,0
"spelling_assessment_study2",786,72,56447,2,0.997437800395816,71.8155216284987,783.986111111111,0.647882084078872,0,0,0
"florida_twins_panas",1351,20,43228,5,1.59985196150999,31.9970392301997,2161.4,0.563144258351071,0,0,0
"teq_novak_2021_socdes",198,5,990,5,1,5,198,0.676363636363636,0,0,0
"aslec_insomnia_wang2025",572095,24,13730280,5,1,24,572095,0.288740768578491,0,0,0
"florida_twins_grit",782,12,9257,5,0.986466325660699,11.8375959079284,771.416666666667,0.535313816571244,0,0,0
"sat12_wilson_2003",600,32,19131,5,0.99640625,31.885,597.84375,0.572766713710732,0,0,0
"project_kids_wj_mf",510,80,43430,2,1.06446078431373,85.156862745098,542.875,0.732281832834478,0,0,0
"florida_twins_game",591,7,2326,8,0.562243171380227,3.93570219966159,332.285714285714,0.384115383040576,0,0,0
"florida_twins_pals",784,36,27879,5,0.987776360544218,35.5599489795918,774.416666666667,0.611951648193989,0,0,0
"ecps_sahm_2024_support",15722,3,47125,7,0.999130729762965,2.99739218928889,15708.3333333333,0.644399646330679,0,0,0
"project_kids_wj_ak_grade",348,13,3709,2,0.819849690539346,10.6580459770115,285.307692307692,0.665138851442438,0,0,0
"project_kids_wj_wa_wave",2760,32,106473,2,1.20553668478261,38.5771739130436,3327.28125,0.531045429357699,0,0,0
"cud_stone2024",412,44,71005,8,3.91686893203884,172.342233009709,1613.75,0.314577947227062,0,1,0
"florida_twins_cads",1272,57,89680,4,1.23689727463312,70.5031446540881,1573.33333333333,0.660490075825114,0,0,0
"florida_twins_hwk",602,4,2405,4,0.99875415282392,3.99501661129568,601.25,0.591060291060294,0,0,0
"disgust_berger2014",1414,25,35320,5,0.999151343705799,24.978783592645,1412.8,0.569252548131375,0,0,0
"florida_twins_behavior_ecs",1387,48,106442,5,1.59880437394857,76.7426099495313,2217.54166666667,0.563465549313241,0,0,0
"project_kids_wj_pc_wave",3770,44,226884,2,1.36775982638052,60.1814323607426,5156.45454545455,0.614344775303557,0,0,0
"twod_rotation_mather2023",1020195,304,1905487,2,0.00614397183097865,1.86776743661751,6268.04934210526,0.457660954916023,0,0,0
"ieswriting_molloy_2022",565,50,28250,11,1,50,565,0.69381592920354,0,0,0
"cbq_huczewska2022",2742,64,175434,4,0.999692286652079,63.980306345733,2741.15625,0.69212780874868,0,0,0
"preschool_sel_dn",878,14,11472,2,0.933289944679466,13.0660592255125,819.428571428571,0.519612970711297,0,0,0
"project_kids_wj_pc_grade",849,41,39371,2,1.1310580596972,46.3733804475854,960.268292682927,0.668207563943006,0,0,0
"project_kids_tosrec",961,168,39683,2,0.245794311481096,41.2934443288242,236.208333333333,0.869566313030773,0,0,0
"mbft_anunciacao_2024",272834,155,42288724,7,0.999987088923502,154.997998783143,272830.477419355,0.647502562216458,0,0,0
"florida_twins_friends",1351,21,42374,4,1.49356737513658,31.3649148778682,2017.80952380952,0.71683697550385,0,0,0
"project_kids_wj_ak_wave",3319,65,204310,2,0.947041509259045,61.5576981018375,3143.23076923077,0.711316137242367,0,0,0
"florida_twins_dweck",879,8,10997,6,1.56385096700796,12.5108077360637,1374.625,0.538919705374193,0,0,0
"project_kids_ctopp",1421,58,62554,2,0.758984687810915,44.0211118930332,1078.51724137931,0.623029702337205,0,0,0
"ecps_sahm_2024_emotion",12988,8,103731,7,0.998335001539883,7.98668001231906,12966.375,0.515144942206283,0,0,0
"ecps_sahm_2024_ia",13136,7,88570,10,0.963219940838698,6.74253958587089,12652.8571428571,0.493344247487836,0,0,0
"project_kids_wj_lwid_grade",852,71,54680,2,0.90392117966012,64.1784037558685,770.140845070423,0.700950987563918,0,0,0
"ecps_sahm_2024_trust",15310,7,106815,11,0.996687505831856,6.97681254082299,15259.2857142857,0.500402565182777,0,0,0
"project_kids_wj_spell_grade",847,47,37753,2,0.948353387424954,44.5726092089728,803.255319148936,0.704871136068718,0,0,0
"ees_sarling_2024",805,30,24150,5,1,30,805,0.653954451345757,0,0,0
"project_kids_kbit",1287,125,80865,2,0.502657342657343,62.8321678321678,646.92,0.657441414703537,0,0,0
"florida_twins_class",806,10,7994,5,0.99181141439206,9.9181141439206,799.4,0.496672504378284,0,0,0
"project_kids_wj_wf",1470,30,22512,2,0.51047619047619,15.3142857142857,750.4,0.790556147832271,0,0,0
"project_kids_wj_pv_grade",846,34,33220,2,1.15491586705604,39.2671394799055,977.058823529412,0.554816375677389,0,0,0
"ccapsvtskhpacr_mercedes_2023_hada",194,14,2716,4,1,14,194,0.462628865979381,0,0,0
"difnlr_msatb",1407,20,28140,2,1,20,1407,0.55358919687279,0,0,0
"florida_twins_read",809,54,43010,4,0.984525935082177,53.1644004944376,796.481481481482,0.69773889793071,0,0,0
"preschool_sel_htks",847,10,8320,2,0.982290436835891,9.82290436835891,832,0.20889423076923,0,0,0
"florida_twins_media",608,11,6312,4,0.94377990430622,10.3815789473684,573.818181818182,0.684199408534007,0,0,0
"florida_twins_behavior_cadsyv",861,57,96854,4,1.97351101330562,112.49012775842,1699.19298245614,0.644253205856192,0,0,0
"florida_twins_behavior_friends",858,19,32386,4,1.98662740768004,37.7459207459207,1704.52631578947,0.71730068548138,0,0,0
"project_kids_wj_pv_wave",3960,43,331616,2,1.94747474747475,83.7414141414142,7712,0.615314098233903,0,0,0
"Gene_scale_Aivelo_2020",421,25,10482,5,0.995914489311164,24.8978622327791,419.28,0.582846784964702,0,0,0
"project_kids_wj_qc",76,26,1793,2,0.907388663967611,23.5921052631579,68.9615384615385,0.620189626324597,0,0,0
"gilbert_meta_75",142,10,3550,2,2.5,25,355,0.541126760563379,0,0,0
"enem_2017_1mil_ch",1000000,131,45000000,2,0.343511450381679,45,343511.450381679,0.345029688889398,0,0,0
